glucose,pressure,triceps,mass,age
179.08000000000004,87.12,42.35,40.65600000000001,60.500000000000014
102.85000000000002,79.86000000000001,35.09,32.18600000000001,37.510000000000005
107.69000000000001,79.86000000000001,27.830000000000002,34.001000000000005,25.410000000000004
165.77000000000004,48.400000000000006,42.35,52.15100000000001,39.93000000000001
94.38000000000002,60.500000000000014,38.720000000000006,37.510000000000005,31.460000000000004
